{
  "V258": 0.13400720059871674,
  "V70": 0.0744151771068573,
  "V218": 0.06250670552253723,
  "V91": 0.05521383881568909,
  "V201": 0.04302019998431206,
  "V294": 0.02225758507847786,
  "C8": 0.015581200830638409,
  "V317": 0.009717308916151524,
  "C14": 0.009152153506875038,
  "V295": 0.009080252610147,
  "V257": 0.00888150930404663,
  "V29": 0.008669312112033367,
  "id_32": 0.008576015941798687,
  "card6": 0.007951373234391212,
  "V48": 0.007558891549706459,
  "V308": 0.007121357601135969,
  "V283": 0.006918456871062517,
  "V312": 0.006427635904401541,
  "V102": 0.006390090566128492,
  "addr2_freq": 0.0056440746411681175,
  "amt_is_round": 0.005087673664093018,
  "C10": 0.004942697938531637,
  "M4": 0.004942161496728659,
  "V187": 0.0048096440732479095,
  "V128": 0.004702055361121893,
  "id_17": 0.004576599225401878,
  "C11": 0.004537058528512716,
  "C4": 0.004525019321590662,
  "V45": 0.00388999842107296,
  "V315": 0.0038557788357138634
}