{
  "V258": 0.12078786641359329,
  "V70": 0.09008176624774933,
  "V91": 0.05670112371444702,
  "V218": 0.0512586310505867,
  "V201": 0.038409605622291565,
  "C8": 0.016200531274080276,
  "V294": 0.016112426295876503,
  "addr2_freq": 0.01450356561690569,
  "V295": 0.01221297774463892,
  "V317": 0.009405192919075489,
  "C14": 0.009360773488879204,
  "id_32": 0.009280413389205933,
  "V257": 0.009228967130184174,
  "V308": 0.009155060164630413,
  "id_17": 0.009147018194198608,
  "V29": 0.008758379146456718,
  "card6": 0.008025644347071648,
  "V48": 0.006395149044692516,
  "V312": 0.006173272617161274,
  "V102": 0.0051117995753884315,
  "V281": 0.00471944035962224,
  "V283": 0.004622512962669134,
  "id_01_missing": 0.004478249233216047,
  "V49": 0.004299848340451717,
  "V187": 0.004297648090869188,
  "V128": 0.004159345757216215,
  "V156": 0.004137705080211163,
  "V287": 0.003932127729058266,
  "C4": 0.003796518314629793,
  "C11": 0.0037260528188198805
}